id,first_name,last_name,email,gender,ip_address
1,Samara,Hawkyens,shawkyens0@aboutads.info,Female,23.62.24.130
2,Jennica,Weathers,jweathers1@photobucket.com,Female,53.55.38.105
3,Zaria,Pitrelli,zpitrelli2@washingtonpost.com,Female,79.87.146.136
4,Concettina,Ferandez,cferandez3@nba.com,Female,222.210.59.160
5,Clarisse,Tutin,ctutin4@uol.com.br,Female,50.63.147.229
6,Beck,Sarl,bsarl5@dagondesign.com,Male,125.55.51.47
7,Bearnard,Burtonwood,bburtonwood6@smugmug.com,Male,85.30.118.60
8,Alameda,Harring,aharring7@salon.com,Female,100.140.124.83
9,Bobbie,Vale,bvale8@photobucket.com,Male,119.162.129.7
10,Lynnett,Simson,lsimson9@prweb.com,Female,194.20.245.145
11,Meghann,Greatbach,mgreatbacha@rediff.com,Genderfluid,162.217.66.218
12,Goddard,O'Brogane,gobroganeb@cornell.edu,Agender,241.190.158.228
13,Constance,Krystof,ckrystofc@comcast.net,Female,55.68.138.208
14,Base,Hayer,bhayerd@gravatar.com,Male,255.20.119.57
15,Nadiya,Broyd,nbroyde@mozilla.org,Agender,69.202.162.236
16,Terrye,Perryn,tperrynf@mozilla.org,Agender,250.21.245.80
17,Craggy,Baillie,cbaillieg@google.fr,Male,19.207.161.31
18,Umeko,Kilshall,ukilshallh@macromedia.com,Female,193.105.184.187
19,Osborne,Konert,okonerti@reference.com,Male,103.47.247.46
20,Mignon,Domenici,mdomenicij@mozilla.org,Female,201.143.234.11
21,Halsey,Macartney,hmacartneyk@msn.com,Male,214.203.131.231
22,Briny,Bentson,bbentsonl@example.com,Female,127.40.93.12
23,Ange,Demageard,ademageardm@washington.edu,Male,182.229.19.31
24,Tarrance,Straffon,tstraffonn@51.la,Male,139.43.8.188
25,Zacharia,Thompsett,zthompsetto@stumbleupon.com,Male,170.81.235.254
26,Kaela,Cowtherd,kcowtherdp@nytimes.com,Female,253.61.42.65
27,Abigail,Pennicott,apennicottq@technorati.com,Female,49.83.47.219
28,Todd,Brookwood,tbrookwoodr@wikimedia.org,Male,152.236.69.94
29,Jakie,Dumphries,jdumphriess@de.vu,Male,140.166.234.109
30,Rock,Linnard,rlinnardt@weebly.com,Male,231.26.71.255
31,Leonid,Masser,lmasseru@buzzfeed.com,Male,247.115.123.245
32,Lucie,Cowdry,lcowdryv@angelfire.com,Female,44.105.7.14
33,Mic,Statton,mstattonw@cargocollective.com,Male,168.78.79.244
34,Claudio,Balston,cbalstonx@baidu.com,Male,207.16.227.49
35,Kelly,McLagain,kmclagainy@latimes.com,Female,221.44.82.122
36,Reina,Klamman,rklammanz@arstechnica.com,Female,206.57.208.169
37,Arvin,McPhelimey,amcphelimey10@edublogs.org,Male,117.248.151.90
38,Regine,Dawe,rdawe11@sakura.ne.jp,Female,95.241.238.254
39,Alvy,Cerro,acerro12@cargocollective.com,Male,65.208.200.176
40,Rosalinda,Mowbray,rmowbray13@amazonaws.com,Female,61.28.33.33
41,Susi,Moresby,smoresby14@cargocollective.com,Female,22.48.70.21
42,Edsel,Beardon,ebeardon15@noaa.gov,Male,152.191.118.102
43,Cecil,Brackley,cbrackley16@diigo.com,Male,135.30.16.79
44,Reed,Witz,rwitz17@reddit.com,Male,146.45.180.252
45,Chickie,Chester,cchester18@comcast.net,Male,177.210.25.48
46,Chaunce,Tynewell,ctynewell19@bizjournals.com,Male,73.39.80.99
47,Tybie,Ruberti,truberti1a@wordpress.org,Female,59.68.136.121
48,Kerrin,Crebbin,kcrebbin1b@nasa.gov,Female,107.155.195.250
49,Pietra,Davidovitz,pdavidovitz1c@sitemeter.com,Female,163.128.31.23
50,Guntar,Moules,gmoules1d@squidoo.com,Male,60.67.16.113
51,Briney,Duddle,bduddle1e@networksolutions.com,Agender,246.166.11.14
52,Frankie,Jaqueminet,fjaqueminet1f@sohu.com,Female,246.188.222.205
53,Lilia,Wigfall,lwigfall1g@opensource.org,Female,183.167.77.75
54,Jarvis,Hicken,jhicken1h@cbc.ca,Non-binary,98.179.156.188
55,Sayre,Pentercost,spentercost1i@yale.edu,Female,203.90.252.67
56,Pail,Payne,ppayne1j@statcounter.com,Male,154.136.7.8
57,Crichton,Bradman,cbradman1k@sciencedaily.com,Male,53.142.110.43
58,Sanson,Etherington,setherington1l@ovh.net,Male,50.154.84.39
59,Glenine,Clelle,gclelle1m@liveinternet.ru,Female,18.101.176.179
60,Horacio,Tarbath,htarbath1n@chronoengine.com,Male,116.1.159.251
61,Joyce,Peck,jpeck1o@sciencedaily.com,Agender,76.174.14.19
62,Jorry,Riseam,jriseam1p@shop-pro.jp,Female,122.64.190.113
63,Joey,Joules,jjoules1q@vimeo.com,Male,6.2.204.145
64,Cathe,Riddler,criddler1r@nih.gov,Female,45.211.25.52
65,Lotti,Millington,lmillington1s@goo.gl,Female,129.21.54.158
66,Isabel,Stabler,istabler1t@tmall.com,Female,77.185.25.60
67,Parry,Alu,palu1u@yahoo.com,Male,143.82.181.223
68,Katlin,Aykroyd,kaykroyd1v@rambler.ru,Female,34.99.80.142
69,Lazare,Jirka,ljirka1w@edublogs.org,Male,43.130.99.55
70,Wilma,de Clerq,wdeclerq1x@godaddy.com,Female,34.177.137.67
71,Rodrique,Heinl,rheinl1y@yellowpages.com,Male,204.65.37.192
72,Flem,Cabedo,fcabedo1z@woothemes.com,Male,157.139.83.38
73,Jammal,Mc Gaughey,jmcgaughey20@studiopress.com,Male,60.67.61.214
74,Kippy,Durand,kdurand21@marketwatch.com,Male,34.68.30.246
75,Kelly,Chrismas,kchrismas22@cpanel.net,Female,190.173.1.142
76,Katuscha,Westell,kwestell23@parallels.com,Female,175.24.128.84
77,Nanette,Camble,ncamble24@google.co.jp,Female,55.65.84.186
78,Dru,MacShane,dmacshane25@opera.com,Female,5.168.35.86
79,Roxine,Louys,rlouys26@europa.eu,Genderqueer,67.157.40.228
80,Oneida,Orchart,oorchart27@ucoz.com,Female,47.199.218.186
81,Gaspard,Vedenisov,gvedenisov28@typepad.com,Male,90.140.20.226
82,Wynnie,Blincoe,wblincoe29@storify.com,Female,42.254.211.63
83,Jed,Peplay,jpeplay2a@bbb.org,Male,188.72.36.181
84,Ronnie,Foord,rfoord2b@i2i.jp,Female,107.35.171.241
85,Teena,Backshell,tbackshell2c@uiuc.edu,Female,17.30.109.245
86,Rustie,Marcone,rmarcone2d@ox.ac.uk,Male,30.35.239.110
87,Fleur,Klimowski,fklimowski2e@vkontakte.ru,Female,87.181.184.202
88,Tedmund,Hannan,thannan2f@ameblo.jp,Male,167.244.42.126
89,Zack,Winterflood,zwinterflood2g@adobe.com,Male,15.70.228.40
90,Robbie,Monni,rmonni2h@issuu.com,Agender,63.141.18.200
91,Blanca,Perone,bperone2i@plala.or.jp,Female,70.223.45.2
92,Aime,Parkman,aparkman2j@surveymonkey.com,Female,15.207.253.178
93,Jessey,Essery,jessery2k@free.fr,Male,181.136.118.42
94,Emory,Bowkley,ebowkley2l@vistaprint.com,Male,149.41.189.215
95,Laurent,Dike,ldike2m@myspace.com,Polygender,120.164.160.95
96,Martyn,Rozea,mrozea2n@census.gov,Male,9.225.246.50
97,Igor,Applin,iapplin2o@chicagotribune.com,Male,84.128.158.210
98,Wittie,Cuffin,wcuffin2p@census.gov,Male,118.25.112.122
99,Asher,Bawme,abawme2q@ted.com,Male,165.55.3.68
100,Joy,Busfield,jbusfield2r@themeforest.net,Female,220.114.28.51
101,Wheeler,Kerbler,wkerbler2s@google.co.uk,Male,205.24.49.203
102,Clementina,Gilcriest,cgilcriest2t@feedburner.com,Female,73.41.149.134
103,Jolyn,Spiers,jspiers2u@twitpic.com,Female,43.173.35.168
104,Cathe,Dockrell,cdockrell2v@china.com.cn,Female,193.157.35.6
105,Melisa,Delong,mdelong2w@intel.com,Female,46.83.211.96
106,Rhoda,Hardiman,rhardiman2x@eventbrite.com,Female,213.117.207.59
107,Arabel,Nabbs,anabbs2y@abc.net.au,Female,94.83.12.44
108,Aleksandr,Bissill,abissill2z@gmpg.org,Male,36.122.103.38
109,Antone,Domesday,adomesday30@amazon.co.uk,Bigender,216.80.57.15
110,Kinny,Shrive,kshrive31@loc.gov,Male,27.168.142.250
111,Marcello,Guarin,mguarin32@indiegogo.com,Male,21.173.142.64
112,Dennet,Valance,dvalance33@google.ru,Male,158.95.10.141
113,Haley,Groves,hgroves34@tinypic.com,Female,30.111.199.147
114,Zane,Matejovsky,zmatejovsky35@drupal.org,Polygender,22.72.225.95
115,Gonzales,Nannini,gnannini36@list-manage.com,Genderfluid,81.241.238.211
116,Hollyanne,Davidovits,hdavidovits37@yandex.ru,Female,233.198.22.107
117,Benetta,Breheny,bbreheny38@ustream.tv,Female,228.94.247.27
118,Nina,Eckert,neckert39@zimbio.com,Female,90.115.1.36
119,Werner,Chantree,wchantree3a@scribd.com,Male,54.57.246.146
120,Violette,Penhaleurack,vpenhaleurack3b@discovery.com,Female,177.246.84.137
121,Wain,Ashfull,washfull3c@virginia.edu,Male,68.162.249.236
122,Bowie,Dalgliesh,bdalgliesh3d@yellowbook.com,Male,67.27.195.35
123,Ambrose,Cockings,acockings3e@yellowpages.com,Male,250.52.21.113
124,Hewe,Hazelgrove,hhazelgrove3f@ycombinator.com,Male,187.136.123.69
125,Valentina,Wiltsher,vwiltsher3g@hatena.ne.jp,Female,137.127.178.70
126,Ula,Keeting,ukeeting3h@oaic.gov.au,Female,40.30.145.92
127,Lancelot,Vale,lvale3i@reverbnation.com,Male,244.53.15.143
128,Kylie,Sollas,ksollas3j@networkadvertising.org,Female,43.170.32.151
129,Ewan,Clemitt,eclemitt3k@ihg.com,Male,206.42.21.156
130,Shermy,Dwyr,sdwyr3l@github.io,Male,187.141.66.24
131,Marjie,Gainforth,mgainforth3m@deviantart.com,Female,203.75.80.139
132,Rutter,MacSweeney,rmacsweeney3n@marriott.com,Male,77.46.111.183
133,Daveen,Juanico,djuanico3o@google.com.br,Female,88.164.88.65
134,Richmond,Brockway,rbrockway3p@live.com,Male,226.227.252.223
135,Rozella,Bowlas,rbowlas3q@yahoo.co.jp,Female,55.43.144.134
136,Candida,Annes,cannes3r@altervista.org,Female,186.231.232.8
137,Chadwick,Vesco,cvesco3s@hc360.com,Male,59.195.165.131
138,Vladimir,Hinkes,vhinkes3t@va.gov,Male,233.16.48.164
139,Shell,Heasley,sheasley3u@buzzfeed.com,Male,198.173.202.14
140,Letti,Stevings,lstevings3v@marketwatch.com,Female,141.164.88.131
141,Haroun,Beincken,hbeincken3w@nifty.com,Male,180.69.81.180
142,Gwenni,Rockell,grockell3x@nhs.uk,Female,222.228.184.236
143,Melvin,Ulyet,mulyet3y@trellian.com,Male,28.97.192.185
144,Rubina,Tooker,rtooker3z@adobe.com,Female,104.36.103.22
145,Barton,Vauls,bvauls40@cocolog-nifty.com,Male,47.189.167.82
146,Cordy,Verheyden,cverheyden41@t-online.de,Female,253.160.131.50
147,Amabel,Coatsworth,acoatsworth42@mozilla.com,Female,216.243.31.123
148,Lusa,Colhoun,lcolhoun43@businessweek.com,Female,92.5.54.163
149,Quintus,Ginni,qginni44@ucoz.ru,Male,49.197.15.214
150,Andros,Barniss,abarniss45@java.com,Male,229.179.185.202
151,Tarrance,Downe,tdowne46@businessinsider.com,Polygender,105.24.253.31
152,Frederic,Finan,ffinan47@state.gov,Male,121.195.166.177
153,Charity,Hartness,chartness48@123-reg.co.uk,Female,141.170.124.25
154,Alaric,Coale,acoale49@ucsd.edu,Male,78.105.69.181
155,Huntley,Squier,hsquier4a@biglobe.ne.jp,Male,218.62.225.182
156,Eldridge,Hannond,ehannond4b@loc.gov,Male,139.151.26.135
157,Anderson,Cammock,acammock4c@vk.com,Male,16.90.184.209
158,Nydia,Fligg,nfligg4d@aol.com,Genderfluid,140.176.123.85
159,Boony,Powis,bpowis4e@over-blog.com,Male,252.140.3.50
160,Tiffie,Gregorowicz,tgregorowicz4f@cyberchimps.com,Female,10.22.141.234
161,Veronika,Stacy,vstacy4g@joomla.org,Female,12.181.62.55
162,Trefor,Kensit,tkensit4h@foxnews.com,Male,40.7.161.242
163,Windham,Lambdin,wlambdin4i@posterous.com,Male,168.106.254.91
164,Aggie,Bulpitt,abulpitt4j@bluehost.com,Female,3.1.24.177
165,Uriah,Rickasse,urickasse4k@newsvine.com,Male,88.202.237.89
166,Lilllie,Reidie,lreidie4l@rakuten.co.jp,Female,195.208.155.17
167,Ed,Kerins,ekerins4m@acquirethisname.com,Male,93.254.152.34
168,Gusty,Millson,gmillson4n@creativecommons.org,Female,45.224.232.148
169,Alley,Fonte,afonte4o@flickr.com,Male,40.138.206.31
170,Graehme,Sergison,gsergison4p@163.com,Male,86.44.49.119
171,Stephanie,Swiffan,sswiffan4q@networksolutions.com,Female,165.184.57.111
172,Ruthie,Jakubiak,rjakubiak4r@npr.org,Bigender,74.73.3.23
173,Alister,Berston,aberston4s@redcross.org,Male,109.168.53.56
174,Randolph,Endrizzi,rendrizzi4t@blogtalkradio.com,Male,219.160.108.238
175,Tandy,Croyser,tcroyser4u@facebook.com,Female,170.118.169.252
176,Clemmie,Playden,cplayden4v@sbwire.com,Male,215.246.28.95
177,Ira,Ebbers,iebbers4w@delicious.com,Male,251.227.138.12
178,Lance,Stillert,lstillert4x@last.fm,Genderqueer,170.90.205.44
179,Cecil,Connick,cconnick4y@yale.edu,Female,121.136.214.196
180,Maible,Venour,mvenour4z@nih.gov,Female,234.88.222.101
181,Natalee,Leonard,nleonard50@blinklist.com,Female,166.234.107.84
182,Daveta,Watterson,dwatterson51@reuters.com,Genderfluid,33.68.73.254
183,Filippo,Giberd,fgiberd52@usgs.gov,Male,195.31.163.197
184,Warren,Mabe,wmabe53@slideshare.net,Male,57.245.169.212
185,Coralie,Crutcher,ccrutcher54@myspace.com,Female,12.195.85.94
186,Stevana,Woodroofe,swoodroofe55@moonfruit.com,Female,233.11.4.45
187,Matelda,Epine,mepine56@macromedia.com,Female,43.21.182.38
188,Leupold,Warret,lwarret57@virginia.edu,Male,111.102.201.191
189,Reeva,Baudains,rbaudains58@free.fr,Female,210.83.5.181
190,Wolfy,Dand,wdand59@marriott.com,Male,88.167.53.78
191,Jobye,Cadigan,jcadigan5a@webnode.com,Female,1.80.112.160
192,Land,Charte,lcharte5b@cargocollective.com,Male,247.234.83.240
193,Georgena,Danihelka,gdanihelka5c@issuu.com,Female,82.187.122.135
194,Ned,Jobling,njobling5d@amazon.co.jp,Polygender,219.42.94.178
195,Malachi,Giannazzo,mgiannazzo5e@behance.net,Male,21.182.175.190
196,Trent,Haster,thaster5f@cam.ac.uk,Agender,241.103.128.11
197,Cully,Pember,cpember5g@soundcloud.com,Male,2.62.25.149
198,Olwen,Melior,omelior5h@arstechnica.com,Female,2.166.222.79
199,Sandie,Morl,smorl5i@discuz.net,Female,83.50.210.95
200,Shoshana,Gehrtz,sgehrtz5j@technorati.com,Female,91.153.199.211
201,Maximilien,Jaffa,mjaffa5k@uiuc.edu,Genderqueer,250.85.31.67
202,Devora,Schuck,dschuck5l@bloglines.com,Female,18.227.74.240
203,Vin,Tabart,vtabart5m@shinystat.com,Female,180.33.3.97
204,Cristie,Didball,cdidball5n@npr.org,Agender,64.173.38.85
205,Row,Grebbin,rgrebbin5o@chronoengine.com,Female,180.138.102.208
206,Ezmeralda,Carrol,ecarrol5p@globo.com,Female,176.7.36.54
207,Deeann,Whittenbury,dwhittenbury5q@feedburner.com,Female,237.82.108.213
208,Nathan,Baudouin,nbaudouin5r@blogtalkradio.com,Male,21.152.159.133
209,Budd,Cantor,bcantor5s@telegraph.co.uk,Male,223.213.219.153
210,Tommie,Matokhnin,tmatokhnin5t@eventbrite.com,Female,172.89.178.104
211,Elsworth,Ruggen,eruggen5u@usgs.gov,Male,190.146.203.126
212,Leigha,Costain,lcostain5v@technorati.com,Female,248.147.104.18
213,Nicol,Whitebrook,nwhitebrook5w@multiply.com,Agender,219.221.185.165
214,Gib,Curnow,gcurnow5x@slate.com,Male,126.205.239.100
215,Lucius,Clift,lclift5y@ebay.co.uk,Male,118.203.193.230
216,Bernadene,Giacopazzi,bgiacopazzi5z@cbc.ca,Polygender,96.183.99.184
217,Ysabel,Coppin,ycoppin60@arstechnica.com,Female,238.117.78.59
218,Elinor,McGroarty,emcgroarty61@mapquest.com,Female,215.7.32.11
219,Sarine,Robinett,srobinett62@behance.net,Genderqueer,128.116.166.225
220,Maxine,Liccardo,mliccardo63@cbsnews.com,Female,177.109.3.55
221,Dorene,Oldred,doldred64@wix.com,Female,215.56.183.202
222,Karry,Slany,kslany65@smugmug.com,Female,149.1.10.30
223,Dinnie,Juett,djuett66@census.gov,Female,162.140.162.243
224,Wilbert,Eccleston,weccleston67@elegantthemes.com,Male,203.60.255.247
225,Bee,Handman,bhandman68@bravesites.com,Female,133.201.101.0
226,Rey,Milby,rmilby69@ebay.co.uk,Female,36.80.102.4
227,Frayda,Melby,fmelby6a@cyberchimps.com,Polygender,121.90.24.29
228,Alanson,Lynock,alynock6b@mozilla.org,Male,74.146.189.87
229,Gaylord,Hamshere,ghamshere6c@foxnews.com,Male,166.32.223.60
230,Jeanie,Alasdair,jalasdair6d@yelp.com,Female,197.16.18.121
231,Brand,Stratton,bstratton6e@nasa.gov,Male,90.237.177.89
232,Gonzalo,Walczynski,gwalczynski6f@google.it,Male,147.64.2.181
233,Ede,Janjic,ejanjic6g@princeton.edu,Female,2.227.185.6
234,Jody,Quinnet,jquinnet6h@lycos.com,Female,3.240.11.207
235,Donella,Kellington,dkellington6i@chronoengine.com,Female,35.93.50.241
236,Elane,Clitsome,eclitsome6j@diigo.com,Female,51.10.93.239
237,Spike,Medcalf,smedcalf6k@naver.com,Male,56.150.87.209
238,Jeffy,Denmead,jdenmead6l@who.int,Male,186.70.26.220
239,Susanetta,Caulder,scaulder6m@chronoengine.com,Female,112.151.214.191
240,Sampson,Whitechurch,swhitechurch6n@cdc.gov,Male,162.123.88.195
241,Sayre,MacCorkell,smaccorkell6o@i2i.jp,Male,214.158.35.160
242,Emmalyn,Neilan,eneilan6p@state.tx.us,Female,143.2.103.38
243,Burton,Brammer,bbrammer6q@nydailynews.com,Male,72.195.126.78
244,Clovis,Solman,csolman6r@yellowpages.com,Polygender,203.191.64.199
245,Carey,Cranstoun,ccranstoun6s@ebay.co.uk,Male,168.222.233.242
246,Vivien,Stolte,vstolte6t@odnoklassniki.ru,Female,10.95.45.233
247,Abram,Tankin,atankin6u@over-blog.com,Male,231.29.248.147
248,Janka,Lawler,jlawler6v@theglobeandmail.com,Female,112.222.198.3
249,Linnea,Sparkes,lsparkes6w@paypal.com,Genderqueer,62.36.54.75
250,Gerta,Summons,gsummons6x@ow.ly,Female,142.183.72.161
251,Devy,Silverston,dsilverston6y@is.gd,Male,126.83.131.205
252,Tito,Graysmark,tgraysmark6z@webeden.co.uk,Agender,26.129.215.53
253,Dorette,Larret,dlarret70@constantcontact.com,Genderfluid,162.245.64.247
254,Roxanna,Fillary,rfillary71@lulu.com,Female,20.78.54.247
255,Haley,Lister,hlister72@bravesites.com,Female,157.61.75.190
256,Hagen,Pentony,hpentony73@live.com,Male,142.125.209.194
257,Gearalt,Whysall,gwhysall74@naver.com,Male,96.245.196.144
258,Byrom,Bromehed,bbromehed75@360.cn,Male,143.105.25.136
259,Samantha,Davydoch,sdavydoch76@thetimes.co.uk,Female,124.79.142.112
260,Lauralee,Gummer,lgummer77@google.com.au,Female,5.47.231.232
261,Gabe,Fortesquieu,gfortesquieu78@yellowbook.com,Agender,202.159.19.149
262,Annamarie,Purtell,apurtell79@qq.com,Polygender,99.67.4.34
263,Blane,Goodyear,bgoodyear7a@sitemeter.com,Agender,141.31.90.181
264,Clio,Tiuit,ctiuit7b@about.me,Female,90.250.109.136
265,Josselyn,Mackelworth,jmackelworth7c@usatoday.com,Female,201.49.232.248
266,Rossy,Pfeiffer,rpfeiffer7d@usa.gov,Male,180.232.135.213
267,Cathrine,Jeffree,cjeffree7e@samsung.com,Bigender,217.227.47.67
268,Porty,Mattersley,pmattersley7f@twitter.com,Male,32.144.251.10
269,Corie,Wiffield,cwiffield7g@craigslist.org,Female,18.204.35.135
270,Maddalena,Potter,mpotter7h@archive.org,Female,252.179.236.73
271,Daveen,Greatrex,dgreatrex7i@ftc.gov,Agender,35.251.116.200
272,Peter,Lippard,plippard7j@g.co,Male,95.166.91.4
273,Towney,Indge,tindge7k@salon.com,Male,44.134.165.110
274,Roshelle,Alberts,ralberts7l@theglobeandmail.com,Female,30.19.231.239
275,Kurt,McCrone,kmccrone7m@blogger.com,Male,110.118.191.31
276,Val,Bourthouloume,vbourthouloume7n@chicagotribune.com,Agender,121.142.49.99
277,Tally,Josuweit,tjosuweit7o@amazon.co.jp,Male,123.41.111.155
278,Caryl,Levings,clevings7p@wikimedia.org,Female,111.133.110.8
279,Fifine,Clancy,fclancy7q@shareasale.com,Female,17.183.144.220
280,Ivie,Windridge,iwindridge7r@netscape.com,Female,143.249.203.229
281,Georgy,Thomelin,gthomelin7s@biblegateway.com,Male,41.134.113.198
282,Jami,Solway,jsolway7t@xing.com,Female,70.145.102.129
283,Erinna,Janek,ejanek7u@blogspot.com,Female,211.202.250.176
284,Dana,Osgarby,dosgarby7v@ehow.com,Male,5.176.124.227
285,Page,Scatcher,pscatcher7w@ibm.com,Male,169.71.209.124
286,Correy,Bond,cbond7x@goo.ne.jp,Female,80.148.125.163
287,Loree,Darbishire,ldarbishire7y@admin.ch,Female,132.135.227.89
288,Thekla,Ranken,tranken7z@ustream.tv,Genderfluid,21.141.110.227
289,Bar,Leonarde,bleonarde80@umich.edu,Male,223.95.56.31
290,Belia,Cousins,bcousins81@hibu.com,Female,124.96.77.180
291,Whitney,Ashling,washling82@networksolutions.com,Female,157.130.180.61
292,Joan,Lamont,jlamont83@plala.or.jp,Female,0.175.151.202
293,Lenee,Widd,lwidd84@google.co.uk,Female,233.147.106.252
294,Thorin,Huntingdon,thuntingdon85@twitter.com,Bigender,238.42.212.148
295,Ottilie,Truman,otruman86@cmu.edu,Female,17.241.77.200
296,Asher,Wiburn,awiburn87@paginegialle.it,Male,123.91.60.136
297,Manya,Coudray,mcoudray88@parallels.com,Female,171.211.144.195
298,Eyde,Rubinowitsch,erubinowitsch89@xinhuanet.com,Female,8.183.31.86
299,Kizzie,Sherratt,ksherratt8a@bravesites.com,Female,92.94.22.42
300,Gonzales,Deetlefs,gdeetlefs8b@whitehouse.gov,Male,204.161.243.243
301,Fancie,Hirschmann,fhirschmann8c@hexun.com,Female,248.155.100.162
302,Pebrook,Shakespear,pshakespear8d@netvibes.com,Male,234.196.253.105
303,Carmela,Tommaseo,ctommaseo8e@hibu.com,Female,173.210.175.83
304,Fallon,Moryson,fmoryson8f@howstuffworks.com,Female,30.147.16.194
305,Benedict,Skeels,bskeels8g@soup.io,Male,51.94.195.107
306,Reamonn,Macourek,rmacourek8h@prweb.com,Male,131.73.59.150
307,Con,Pancoast,cpancoast8i@mediafire.com,Polygender,149.85.151.246
308,Deva,Ridolfi,dridolfi8j@xing.com,Female,97.5.226.200
309,Poul,Eggar,peggar8k@blog.com,Male,3.138.146.149
310,Reinald,Parlor,rparlor8l@vk.com,Male,58.155.215.250
311,Allissa,Elis,aelis8m@soundcloud.com,Female,2.57.187.181
312,Teodor,Bradfield,tbradfield8n@163.com,Male,214.109.81.11
313,Germaine,Hamilton,ghamilton8o@uiuc.edu,Male,215.130.190.136
314,Eugenius,Remon,eremon8p@ifeng.com,Male,73.120.238.176
315,Renault,Treadgold,rtreadgold8q@state.tx.us,Male,142.24.98.139
316,Angelico,Farlambe,afarlambe8r@house.gov,Male,169.151.205.90
317,Lorianna,Robbert,lrobbert8s@ucsd.edu,Polygender,232.5.131.68
318,Shirlee,Jaffrey,sjaffrey8t@paypal.com,Female,67.15.18.65
319,Aldwin,Barnsdall,abarnsdall8u@cargocollective.com,Male,185.127.232.225
320,Adey,Landes,alandes8v@harvard.edu,Female,59.96.111.50
321,Alfie,Duffill,aduffill8w@sitemeter.com,Male,171.73.252.229
322,Stefania,Yesinov,syesinov8x@arizona.edu,Female,132.117.102.99
323,Genevieve,Dargan,gdargan8y@aol.com,Female,104.80.42.230
324,Allx,Tripet,atripet8z@newsvine.com,Female,63.34.240.122
325,Nollie,Giovanitti,ngiovanitti90@europa.eu,Bigender,36.28.125.124
326,Gregory,Derycot,gderycot91@epa.gov,Male,134.22.58.198
327,Daniele,Berrycloth,dberrycloth92@alexa.com,Female,156.193.163.63
328,Cal,Absolon,cabsolon93@comsenz.com,Male,22.173.77.172
329,Amargo,Luety,aluety94@dailymotion.com,Female,220.232.237.81
330,Gill,Fancutt,gfancutt95@who.int,Female,219.108.193.66
331,Barry,Tilt,btilt96@sphinn.com,Male,136.12.209.30
332,Angil,Gomery,agomery97@unc.edu,Female,225.120.27.167
333,Barron,Denisot,bdenisot98@joomla.org,Male,38.182.144.53
334,Ines,Sallan,isallan99@princeton.edu,Female,98.220.27.114
335,Lolly,Shotbolt,lshotbolt9a@cocolog-nifty.com,Polygender,204.225.1.186
336,Charmine,Reade,creade9b@mapy.cz,Female,160.143.156.59
337,Esteban,Northing,enorthing9c@cafepress.com,Male,253.211.81.71
338,Darsey,Clementi,dclementi9d@mediafire.com,Female,145.213.45.107
339,Jamie,Rodmell,jrodmell9e@salon.com,Female,167.63.230.39
340,Brandi,Roggerone,broggerone9f@tiny.cc,Female,187.100.21.34
341,Wat,Stroder,wstroder9g@constantcontact.com,Male,215.99.139.211
342,Gabi,Curnok,gcurnok9h@narod.ru,Non-binary,54.70.51.162
343,Dimitri,Baseley,dbaseley9i@ebay.co.uk,Male,71.187.232.56
344,Blair,Ketteman,bketteman9j@weebly.com,Female,65.217.107.54
345,Callie,Alison,calison9k@salon.com,Female,99.205.18.83
346,Cecilia,Sasser,csasser9l@utexas.edu,Female,145.104.89.123
347,Kane,Nerger,knerger9m@meetup.com,Male,108.26.26.95
348,Marin,Meddings,mmeddings9n@baidu.com,Female,234.244.22.35
349,Wells,Cram,wcram9o@myspace.com,Male,117.102.180.102
350,Trudie,Snawdon,tsnawdon9p@woothemes.com,Female,5.163.72.218
351,Alonzo,Bamling,abamling9q@webmd.com,Male,11.21.117.77
352,Mirella,Foxten,mfoxten9r@blogtalkradio.com,Female,42.106.245.23
353,Angel,Genny,agenny9s@tmall.com,Male,24.221.168.189
354,Maryl,Ghelardoni,mghelardoni9t@barnesandnoble.com,Female,167.25.163.98
355,Jsandye,Merryman,jmerryman9u@vinaora.com,Female,107.247.241.17
356,Rivkah,Grout,rgrout9v@smugmug.com,Polygender,120.62.217.239
357,Janeczka,Core,jcore9w@addtoany.com,Female,27.89.93.64
358,Sigmund,Feldmus,sfeldmus9x@sun.com,Male,12.208.55.201
359,Ken,McGaughie,kmcgaughie9y@mtv.com,Male,192.10.215.142
360,Marylinda,Filinkov,mfilinkov9z@dion.ne.jp,Female,157.167.32.165
361,Petunia,Senecaut,psenecauta0@cnbc.com,Female,0.142.12.25
362,Fields,Gilbeart,fgilbearta1@yahoo.co.jp,Male,60.2.127.34
363,Dev,Iveson,divesona2@reddit.com,Male,202.212.119.95
364,Byron,Milborn,bmilborna3@taobao.com,Male,23.228.196.186
365,Marietta,Hafford,mhafforda4@bbb.org,Male,139.145.63.164
366,Vivie,Odom,vodoma5@sogou.com,Female,205.200.124.129
367,Sindee,Wabb,swabba6@stumbleupon.com,Female,117.203.252.72
368,Deane,Perrot,dperrota7@dmoz.org,Male,198.31.72.39
369,Ophelie,Kneeland,okneelanda8@cornell.edu,Female,210.102.135.33
370,Teodorico,Hadcroft,thadcrofta9@booking.com,Male,31.146.27.58
371,Aksel,Pyatt,apyattaa@utexas.edu,Male,99.75.188.160
372,Denys,Zeal,dzealab@rakuten.co.jp,Male,102.28.0.197
373,Jacki,Freebury,jfreeburyac@shutterfly.com,Female,189.16.35.205
374,Steward,Wildes,swildesad@about.com,Male,94.165.26.88
375,Hunter,Tremathack,htremathackae@examiner.com,Male,114.123.115.91
376,Oren,Caston,ocastonaf@dagondesign.com,Male,146.170.80.73
377,Blanche,Kelley,bkelleyag@oakley.com,Female,93.206.63.113
378,Berty,Mousdall,bmousdallah@ehow.com,Male,84.111.184.96
379,Slade,Woodlands,swoodlandsai@qq.com,Male,47.215.220.198
380,Man,Figge,mfiggeaj@discuz.net,Male,80.187.119.135
381,Olia,Crombie,ocrombieak@answers.com,Genderqueer,184.151.133.2
382,Coop,Arderne,carderneal@europa.eu,Male,51.113.115.121
383,Angelika,Blancowe,ablancoweam@msn.com,Female,229.206.185.227
384,Lena,Barrable,lbarrablean@nhs.uk,Genderqueer,107.132.194.83
385,Markus,de'-Ancy Willis,mdeancywillisao@fda.gov,Male,100.42.243.80
386,Vince,Duignan,vduignanap@fema.gov,Agender,165.229.210.135
387,Maryanna,Heinl,mheinlaq@google.com.br,Genderfluid,207.190.151.89
388,Rolfe,Abrashkov,rabrashkovar@meetup.com,Male,3.31.243.243
389,Alberta,Pudney,apudneyas@oakley.com,Female,102.149.20.119
390,Tiebold,Behning,tbehningat@wikipedia.org,Genderqueer,133.37.227.177
391,Mariann,Crowest,mcrowestau@google.it,Female,2.80.97.244
392,Beverly,Boustead,bbousteadav@adobe.com,Female,199.55.252.42
393,Ethelbert,Nutley,enutleyaw@nih.gov,Polygender,166.96.255.3
394,Krysta,Middleditch,kmiddleditchax@usda.gov,Female,48.174.46.20
395,Emmet,Meaney,emeaneyay@china.com.cn,Male,161.239.46.38
396,Mignon,Standbrooke,mstandbrookeaz@salon.com,Female,76.2.41.217
397,Randolph,Drewell,rdrewellb0@go.com,Male,207.128.147.134
398,Emmalynn,Hellyar,ehellyarb1@vk.com,Agender,74.147.61.223
399,Fidelio,Naper,fnaperb2@angelfire.com,Male,70.58.237.101
400,Marnie,Guntrip,mguntripb3@noaa.gov,Female,217.222.116.156
401,Gilemette,Newbury,gnewburyb4@pagesperso-orange.fr,Female,32.197.154.57
402,Bobbie,McCord,bmccordb5@dell.com,Male,245.123.248.40
403,Ambrosi,Colles,acollesb6@diigo.com,Male,226.216.255.211
404,Amalea,Airs,aairsb7@goodreads.com,Female,41.69.233.99
405,Arnold,Clifford,acliffordb8@wiley.com,Male,14.48.230.82
406,Cort,Galvin,cgalvinb9@whitehouse.gov,Male,233.79.153.192
407,Rubin,Worsall,rworsallba@constantcontact.com,Male,158.80.182.58
408,Karisa,Berry,kberrybb@mayoclinic.com,Female,136.71.126.249
409,Mada,Kennett,mkennettbc@blogspot.com,Female,159.182.216.136
410,Henriette,Halladay,hhalladaybd@diigo.com,Female,135.25.225.188
411,Stillman,Kort,skortbe@buzzfeed.com,Male,113.107.3.96
412,Des,Van T'Hoog,dvanthoogbf@oaic.gov.au,Male,3.13.248.3
413,Gladi,Mabbs,gmabbsbg@addtoany.com,Female,201.71.49.248
414,Price,Carbert,pcarbertbh@opera.com,Male,137.89.23.136
415,Hazel,Flello,hflellobi@time.com,Female,83.113.47.26
416,Elsie,Axleby,eaxlebybj@squarespace.com,Female,62.155.174.8
417,Enrique,Farish,efarishbk@shinystat.com,Male,202.12.12.187
418,Alastair,Ockland,aocklandbl@cloudflare.com,Male,57.103.75.24
419,Hogan,Kinson,hkinsonbm@kickstarter.com,Male,115.96.115.252
420,Cate,Stemson,cstemsonbn@acquirethisname.com,Female,14.159.95.98
421,Prue,Gianuzzi,pgianuzzibo@reddit.com,Female,76.144.114.241
422,Rodd,Abdon,rabdonbp@ebay.co.uk,Male,239.200.156.244
423,Annabel,Sheers,asheersbq@xing.com,Female,87.70.246.178
424,Symon,Andriss,sandrissbr@comcast.net,Male,188.173.53.152
425,Ellette,Poyser,epoyserbs@parallels.com,Female,53.158.6.204
426,Rosemaria,Frossell,rfrossellbt@networkadvertising.org,Female,94.204.52.109
427,Erhard,Hanshawe,ehanshawebu@weebly.com,Male,105.88.227.61
428,Gunther,Lambertz,glambertzbv@marriott.com,Male,138.229.81.34
429,Natty,Duchenne,nduchennebw@ucoz.com,Female,80.35.229.129
430,Jimmy,O' Dooley,jodooleybx@istockphoto.com,Male,201.199.79.172
431,Odella,Toghill,otoghillby@sina.com.cn,Female,162.127.239.253
432,Kimmie,Schoenfisch,kschoenfischbz@cargocollective.com,Female,122.156.15.65
433,Theresina,Rubee,trubeec0@tinypic.com,Female,93.240.245.109
434,Ruthe,Yesipov,ryesipovc1@examiner.com,Female,47.30.76.248
435,Raoul,Wadwell,rwadwellc2@t.co,Male,99.138.236.215
436,Shaylynn,Geoghegan,sgeogheganc3@a8.net,Female,127.113.131.81
437,Reidar,Abrams,rabramsc4@alibaba.com,Male,10.252.47.154
438,Pattie,Johncey,pjohnceyc5@lulu.com,Female,58.112.55.170
439,Mortimer,Desmond,mdesmondc6@rakuten.co.jp,Male,169.211.228.243
440,Harp,Jorg,hjorgc7@si.edu,Male,234.220.175.42
441,Dannel,Franssen,dfranssenc8@princeton.edu,Male,247.132.80.25
442,Daren,Predohl,dpredohlc9@mysql.com,Male,108.230.160.10
443,Cole,Brookz,cbrookzca@jigsy.com,Male,144.85.247.159
444,Frank,Hair,fhaircb@webs.com,Female,248.215.20.130
445,Timothy,Beefon,tbeefoncc@reference.com,Male,205.194.106.227
446,Lewiss,Scholig,lscholigcd@alibaba.com,Agender,6.35.231.155
447,Lalo,McMeyler,lmcmeylerce@apple.com,Male,228.58.165.47
448,Iorgo,Plowman,iplowmancf@dagondesign.com,Male,67.224.240.137
449,Esma,Skone,eskonecg@engadget.com,Female,222.229.86.111
450,Mathe,Silvester,msilvesterch@bbc.co.uk,Male,112.143.11.186
451,Vale,Beckerleg,vbeckerlegci@google.com,Male,42.212.67.108
452,Claybourne,Bolletti,cbolletticj@wsj.com,Male,231.98.121.38
453,Frazer,Lambard,flambardck@amazon.com,Male,48.52.203.171
454,Celestyn,Batiste,cbatistecl@pinterest.com,Female,187.158.132.8
455,Dare,Totman,dtotmancm@rambler.ru,Male,81.120.137.72
456,Almire,Jendrys,ajendryscn@jugem.jp,Female,39.253.166.47
457,Coreen,Aberkirder,caberkirderco@edublogs.org,Female,116.114.117.163
458,Viviene,Beddingham,vbeddinghamcp@issuu.com,Agender,175.140.94.188
459,Andrey,Klesse,aklessecq@google.com,Male,196.217.91.202
460,Antony,Dentith,adentithcr@ucoz.com,Polygender,201.199.117.192
461,Mattheus,Lancaster,mlancastercs@parallels.com,Polygender,70.106.78.246
462,Enrika,Godar,egodarct@usnews.com,Female,188.231.237.180
463,Karlotte,M'cowis,kmcowiscu@illinois.edu,Female,45.243.223.17
464,Felic,Iffe,fiffecv@slideshare.net,Male,178.245.180.10
465,Margarethe,Corkish,mcorkishcw@xing.com,Female,124.86.12.5
466,Lothaire,Landsman,llandsmancx@topsy.com,Male,248.75.116.96
467,Doria,MattiCCI,dmatticcicy@behance.net,Female,107.181.134.116
468,Sig,Pancost,spancostcz@ft.com,Male,2.96.132.123
469,Mordy,Pople,mpopled0@soundcloud.com,Male,197.238.246.155
470,Alana,Mingay,amingayd1@hexun.com,Bigender,4.190.58.199
471,Conni,Klosa,cklosad2@aol.com,Female,125.73.197.126
472,Isabella,Hadfield,ihadfieldd3@1und1.de,Female,58.247.41.249
473,Keith,Seamer,kseamerd4@smugmug.com,Non-binary,77.160.98.45
474,Dag,Yakunchikov,dyakunchikovd5@about.com,Male,142.169.156.205
475,Birk,Bartusek,bbartusekd6@cdc.gov,Male,235.74.177.171
476,Willi,Odeson,wodesond7@storify.com,Agender,8.248.133.100
477,Husain,Anglish,hanglishd8@columbia.edu,Male,177.135.254.27
478,Annmaria,Muzzall,amuzzalld9@yandex.ru,Female,143.168.57.134
479,Richie,Mandell,rmandellda@ycombinator.com,Male,205.214.200.250
480,Constantine,Ticksall,cticksalldb@geocities.com,Male,50.166.108.121
481,Oswald,Bliss,oblissdc@netlog.com,Male,249.132.91.198
482,Bary,Hoolaghan,bhoolaghandd@sogou.com,Male,35.198.206.40
483,Gabriela,Hughill,ghughillde@wisc.edu,Polygender,128.122.52.113
484,Park,Calcutt,pcalcuttdf@myspace.com,Male,69.24.13.214
485,Madeline,Galpen,mgalpendg@simplemachines.org,Female,104.183.202.238
486,Evan,Beals,ebealsdh@phpbb.com,Male,135.191.82.9
487,Tabor,Peschka,tpeschkadi@tripod.com,Male,238.195.108.54
488,Cordelie,Timeby,ctimebydj@washingtonpost.com,Female,70.161.152.55
489,Didi,Eymer,deymerdk@independent.co.uk,Female,8.151.225.180
490,Marigold,Kareman,mkaremandl@theglobeandmail.com,Female,184.130.113.8
491,Banky,Bulteel,bbulteeldm@xinhuanet.com,Male,149.135.248.58
492,Cherice,Palk,cpalkdn@ustream.tv,Female,1.193.222.96
493,Hendrika,Layfield,hlayfielddo@tiny.cc,Female,202.87.181.27
494,Jere,MacGillespie,jmacgillespiedp@blogtalkradio.com,Male,35.88.96.216
495,Wake,Carver,wcarverdq@wikispaces.com,Male,238.255.123.68
496,Lynnett,Broome,lbroomedr@weebly.com,Female,122.27.23.135
497,Tessy,Brumfield,tbrumfieldds@taobao.com,Female,104.192.158.7
498,Morgen,Doles,mdolesdt@sourceforge.net,Female,97.25.25.152
499,Merrie,Brehat,mbrehatdu@netlog.com,Female,58.228.136.133
500,Lew,O'Shee,losheedv@cnbc.com,Male,66.109.203.22
501,Smitty,Lalonde,slalondedw@diigo.com,Male,151.49.163.232
502,Mirabella,Mossbee,mmossbeedx@wordpress.com,Female,119.16.13.15
503,Dinnie,Harkess,dharkessdy@joomla.org,Genderfluid,163.11.46.121
504,Celestina,Payley,cpayleydz@chron.com,Female,90.11.16.167
505,Pattie,Tarbert,ptarberte0@zdnet.com,Female,64.223.38.105
506,Stefania,Linge,slingee1@census.gov,Female,100.96.148.147
507,Kelcie,MacPadene,kmacpadenee2@ucla.edu,Female,74.3.191.135
508,Cordi,Aireton,cairetone3@sciencedirect.com,Female,51.147.61.43
509,Zollie,Loudiane,zloudianee4@unblog.fr,Male,54.80.200.125
510,Vaclav,Jeanet,vjeanete5@ehow.com,Male,224.31.248.51
511,Nikki,Cory,ncorye6@mlb.com,Female,109.241.176.29
512,Standford,Kenzie,skenziee7@fotki.com,Male,214.106.5.93
513,Brand,Andrichuk,bandrichuke8@ameblo.jp,Male,151.116.169.219
514,Markus,Becke,mbeckee9@netlog.com,Male,165.92.208.22
515,Iosep,Kendrew,ikendrewea@google.pl,Male,22.90.125.77
516,Kimble,Faherty,kfahertyeb@mlb.com,Male,12.42.228.224
517,Niki,Ivanyushkin,nivanyushkinec@prweb.com,Male,43.126.239.162
518,Clarke,Staton,cstatoned@furl.net,Male,211.68.1.114
519,Ermengarde,Merriton,emerritonee@timesonline.co.uk,Female,52.141.90.97
520,Catriona,Thurner,cthurneref@netvibes.com,Female,53.184.229.54
521,Jdavie,Ciccoloi,jciccoloieg@aol.com,Agender,103.136.190.27
522,Marlene,Vanshin,mvanshineh@java.com,Female,54.92.59.9
523,Marwin,Bramer,mbramerei@ucoz.ru,Male,171.64.106.98
524,Lock,Cancutt,lcancuttej@blogger.com,Male,83.90.176.11
525,Burton,Wrennall,bwrennallek@samsung.com,Non-binary,35.174.194.101
526,Viviene,Thorpe,vthorpeel@digg.com,Female,18.25.178.228
527,Orelle,Chat,ochatem@godaddy.com,Female,35.34.136.235
528,Bernice,Fouracres,bfouracresen@slashdot.org,Female,244.219.52.29
529,Bo,Kennet,bkenneteo@skyrock.com,Male,81.157.141.34
530,Sheelagh,Kivelle,skivelleep@nature.com,Female,64.36.133.2
531,Wilhelm,Bows,wbowseq@japanpost.jp,Male,90.125.74.107
532,Griffie,Malek,gmaleker@bbb.org,Male,116.150.177.41
533,Leonhard,Wyborn,lwybornes@aol.com,Male,88.39.21.212
534,Susanetta,Abatelli,sabatelliet@msu.edu,Female,67.192.111.188
535,Bartlett,Cleaves,bcleaveseu@w3.org,Male,32.128.78.123
536,Faythe,Hopfer,fhopferev@newsvine.com,Female,72.219.224.109
537,Joceline,Karys,jkarysew@gov.uk,Female,165.53.78.217
538,Carolee,Monard,cmonardex@telegraph.co.uk,Female,234.164.104.58
539,Benedetta,O' Cuolahan,bocuolahaney@meetup.com,Female,254.189.79.18
540,Susanna,Picker,spickerez@arizona.edu,Female,226.193.201.244
541,Manya,Packham,mpackhamf0@typepad.com,Female,18.98.235.59
542,Aube,Abrehart,aabrehartf1@house.gov,Male,18.73.65.53
543,Wilmer,Haxby,whaxbyf2@taobao.com,Male,171.208.125.15
544,Rollin,Fidelli,rfidellif3@goo.gl,Male,41.76.31.28
545,Maje,Elrick,melrickf4@fotki.com,Male,115.225.30.62
546,Ernaline,Sibyllina,esibyllinaf5@topsy.com,Female,38.34.176.33
547,Christan,McGuire,cmcguiref6@storify.com,Female,31.208.155.243
548,Baldwin,Naish,bnaishf7@tiny.cc,Male,240.84.150.207
549,Gwendolen,Remer,gremerf8@chron.com,Female,154.117.150.158
550,Bertrand,de Verson,bdeversonf9@rediff.com,Male,43.156.161.83
551,Arne,Bater,abaterfa@naver.com,Male,34.87.29.191
552,Kelbee,Mattocks,kmattocksfb@cpanel.net,Male,160.254.183.237
553,Austen,Dumpleton,adumpletonfc@instagram.com,Male,81.216.72.128
554,Ulysses,Vickarman,uvickarmanfd@tmall.com,Male,8.71.198.237
555,Troy,Gebuhr,tgebuhrfe@blogspot.com,Male,152.93.211.156
556,Moss,Speirs,mspeirsff@bloomberg.com,Bigender,69.124.80.221
557,Brigham,Bennike,bbennikefg@freewebs.com,Male,36.147.134.72
558,Therine,Zemler,tzemlerfh@stumbleupon.com,Female,158.210.56.22
559,Mariam,Everit,meveritfi@redcross.org,Female,74.130.229.53
560,Brenden,Grutchfield,bgrutchfieldfj@senate.gov,Male,62.127.85.212
561,Kala,Arnely,karnelyfk@arstechnica.com,Female,41.228.3.24
562,Jessica,Cadore,jcadorefl@hatena.ne.jp,Female,99.85.217.166
563,Coralyn,Chilley,cchilleyfm@soup.io,Female,83.185.216.222
564,Veronica,Trimmill,vtrimmillfn@skyrock.com,Non-binary,238.124.142.175
565,Libbi,Monks,lmonksfo@storify.com,Female,43.222.224.194
566,Margarethe,Settle,msettlefp@discuz.net,Female,125.34.104.67
567,Zenia,Mergue,zmerguefq@yolasite.com,Female,207.29.157.184
568,Clareta,Trobridge,ctrobridgefr@biglobe.ne.jp,Female,182.14.120.226
569,Rici,Fisher,rfisherfs@baidu.com,Female,30.210.42.101
570,Annis,Beven,abevenft@google.fr,Female,53.96.185.170
571,Cornie,Middlewick,cmiddlewickfu@phpbb.com,Male,125.171.3.124
572,Angil,Melton,ameltonfv@cpanel.net,Female,249.93.247.240
573,Jae,Schlagtmans,jschlagtmansfw@sogou.com,Male,230.180.154.136
574,Crosby,Jane,cjanefx@constantcontact.com,Male,1.247.221.95
575,Gertrude,Laboune,glabounefy@soup.io,Female,17.100.245.105
576,Blithe,Trail,btrailfz@t.co,Female,234.220.107.105
577,Leone,Jiggins,ljigginsg0@ovh.net,Female,137.235.239.159
578,Diandra,Heatherington,dheatheringtong1@ca.gov,Female,141.216.196.97
579,Joane,Bread,jbreadg2@lycos.com,Female,4.205.4.35
580,Ilyse,Salzberg,isalzbergg3@blogtalkradio.com,Female,205.70.168.243
581,Kahlil,Bodycombe,kbodycombeg4@behance.net,Male,255.36.183.53
582,Isacco,Laborde,ilabordeg5@cnn.com,Male,238.76.29.12
583,Ailey,Adolfson,aadolfsong6@theatlantic.com,Female,130.64.87.56
584,Jock,Askey,jaskeyg7@pbs.org,Male,89.148.138.83
585,Egan,Chainey,echaineyg8@ocn.ne.jp,Male,93.47.175.172
586,Winny,Brockhouse,wbrockhouseg9@digg.com,Male,201.64.121.76
587,Sarajane,Kneebone,skneebonega@businessweek.com,Female,18.51.214.104
588,Kassey,Brownrigg,kbrownrigggb@squidoo.com,Female,186.71.180.130
589,Cindelyn,Rozzell,crozzellgc@wufoo.com,Female,238.255.43.36
590,Allyn,Dengate,adengategd@w3.org,Male,199.4.152.71
591,Sheba,Warboy,swarboyge@hhs.gov,Female,178.0.168.173
592,Dar,Elsmor,delsmorgf@ask.com,Male,149.31.45.49
593,Daniel,Hairesnape,dhairesnapegg@whitehouse.gov,Male,31.184.242.143
594,Ambros,Bretland,abretlandgh@ucla.edu,Male,136.1.51.100
595,Julio,Esland,jeslandgi@technorati.com,Male,146.68.42.166
596,Cord,Luetkemeyer,cluetkemeyergj@diigo.com,Male,72.172.174.42
597,Kaye,Logsdail,klogsdailgk@ucsd.edu,Female,208.85.73.181
598,Eda,Shadfourth,eshadfourthgl@zimbio.com,Female,61.119.21.176
599,Laurel,Worters,lwortersgm@dedecms.com,Genderfluid,132.170.184.202
600,Thaddeus,Huerta,thuertagn@ft.com,Male,216.46.137.152
601,Manfred,Satch,msatchgo@rakuten.co.jp,Male,113.147.86.151
602,Ceil,Mityushin,cmityushingp@trellian.com,Female,175.91.58.249
603,Darrelle,Joder,djodergq@sphinn.com,Female,203.135.168.83
604,Lauren,Diloway,ldilowaygr@qq.com,Female,209.236.243.72
605,Ellwood,Tumini,etuminigs@unc.edu,Male,237.205.193.182
606,Bryon,Dowd,bdowdgt@woothemes.com,Male,160.188.34.53
607,Fidole,Lapthorn,flapthorngu@indiegogo.com,Male,35.239.198.160
608,Stinky,Merrett,smerrettgv@walmart.com,Male,146.38.213.142
609,Giselbert,Jaycox,gjaycoxgw@whitehouse.gov,Male,159.24.231.130
610,Raynard,Featherstonhaugh,rfeatherstonhaughgx@sfgate.com,Male,6.18.223.38
611,Ed,Elmhurst,eelmhurstgy@domainmarket.com,Polygender,34.124.132.10
612,Chevalier,Aspall,caspallgz@wiley.com,Genderfluid,165.254.139.136
613,Tiff,Adanet,tadaneth0@creativecommons.org,Female,125.104.192.136
614,Biddy,Robelet,brobeleth1@mozilla.org,Female,255.240.71.117
615,Wenda,Karet,wkareth2@pen.io,Female,69.8.44.66
616,Garret,Antony,gantonyh3@eventbrite.com,Male,57.12.227.135
617,Kassey,Kanter,kkanterh4@who.int,Female,12.196.187.196
618,Morgan,Lanaway,mlanawayh5@sina.com.cn,Male,133.159.116.48
619,Newton,Bevis,nbevish6@elegantthemes.com,Genderfluid,147.1.15.231
620,Caspar,Kenderdine,ckenderdineh7@businessweek.com,Male,45.255.178.42
621,Clemmy,Blose,cbloseh8@oracle.com,Male,36.150.126.79
622,Reed,Towl,rtowlh9@cdc.gov,Male,53.75.199.79
623,Harwell,Stobbes,hstobbesha@hostgator.com,Male,195.253.18.103
624,Gav,Hopkyns,ghopkynshb@gravatar.com,Male,4.126.32.109
625,Ivett,Altimas,ialtimashc@psu.edu,Genderfluid,236.227.30.168
626,Isacco,Bentham3,ibenthamhd@time.com,Male,255.145.15.230
627,Gabi,Feldmesser,gfeldmesserhe@uiuc.edu,Female,100.149.56.32
628,Daren,Matus,dmatushf@t.co,Male,31.138.119.152
629,Frants,Pudner,fpudnerhg@sphinn.com,Male,225.73.157.96
630,Emanuele,Learmonth,elearmonthhh@dropbox.com,Male,18.144.158.51
631,Lauralee,Dreier,ldreierhi@ovh.net,Female,212.23.92.229
632,Janna,Rochester,jrochesterhj@ning.com,Female,197.193.181.66
633,Eugenie,Downs,edownshk@tripod.com,Female,78.20.238.6
634,Meg,Stiggles,mstiggleshl@about.me,Female,121.40.26.230
635,Johnna,Wooderson,jwoodersonhm@nih.gov,Agender,111.60.90.69
636,Emmett,Ianittello,eianittellohn@mac.com,Male,229.168.18.191
637,Kaia,Catton,kcattonho@alibaba.com,Female,30.14.118.153
638,Bev,Gutherson,bguthersonhp@hud.gov,Male,195.20.230.40
639,Kellen,Brame,kbramehq@flickr.com,Polygender,223.94.246.18
640,Rozalie,Beaves,rbeaveshr@phoca.cz,Female,67.142.94.67
641,Maxie,Merrydew,mmerrydewhs@hubpages.com,Male,238.214.185.220
642,Collete,Cleatherow,ccleatherowht@vistaprint.com,Female,108.167.49.66
643,Olivette,Lovitt,olovitthu@dailymotion.com,Female,194.124.251.25
644,Chuck,Skylett,cskyletthv@wp.com,Male,80.64.137.9
645,Ortensia,Ghirigori,oghirigorihw@google.cn,Female,156.228.5.166
646,Hamilton,Padell,hpadellhx@etsy.com,Male,41.237.137.135
647,Tiffani,Skippon,tskipponhy@topsy.com,Female,44.96.176.107
648,Gina,Oldall,goldallhz@go.com,Female,216.48.249.43
649,Godard,Serrels,gserrelsi0@linkedin.com,Male,3.14.200.122
650,Kit,Litchfield,klitchfieldi1@nature.com,Male,109.205.221.136
651,Hi,Steggals,hsteggalsi2@clickbank.net,Male,40.103.101.106
652,Christian,Knolles-Green,cknollesgreeni3@businessinsider.com,Female,136.8.196.246
653,Ellis,Bursnall,ebursnalli4@ucsd.edu,Male,218.166.71.127
654,Clarinda,Parzizek,cparzizeki5@photobucket.com,Female,173.6.195.215
655,Jermain,Alders,jaldersi6@storify.com,Male,89.214.118.113
656,Judy,Gwatkin,jgwatkini7@uiuc.edu,Female,255.50.113.184
657,Jemmie,Cornall,jcornalli8@paypal.com,Female,66.19.101.140
658,Harwilll,Calken,hcalkeni9@sfgate.com,Male,167.53.27.71
659,Mallory,Wigglesworth,mwigglesworthia@umn.edu,Female,154.102.100.195
660,Fiann,Faloon,ffaloonib@dot.gov,Female,14.98.4.228
661,Almeda,Ewin,aewinic@nasa.gov,Female,22.191.58.120
662,Chantal,Coniff,cconiffid@epa.gov,Female,94.56.53.55
663,Tedmund,Relph,trelphie@tumblr.com,Male,203.127.184.140
664,Benedick,Perton,bpertonif@wp.com,Male,246.56.105.27
665,Lorant,Dunnet,ldunnetig@bravesites.com,Male,162.8.226.13
666,Gelya,Forbes,gforbesih@sbwire.com,Female,136.68.69.18
667,Harvey,Haughey,hhaugheyii@bloomberg.com,Male,46.119.161.191
668,Tiffy,Whisson,twhissonij@tmall.com,Female,66.111.184.50
669,Haley,Sambath,hsambathik@furl.net,Female,224.34.231.71
670,Salli,Bleakley,sbleakleyil@biglobe.ne.jp,Female,229.158.178.70
671,Kristofor,Marchelli,kmarchelliim@marketwatch.com,Male,20.154.97.68
672,Stanislaus,Alyutin,salyutinin@chron.com,Male,86.91.60.247
673,Cristin,Feltham,cfelthamio@netvibes.com,Female,40.243.88.50
674,Tynan,Rosenhaupt,trosenhauptip@netscape.com,Male,81.168.175.14
675,Ophelia,Gauch,ogauchiq@wsj.com,Female,224.83.199.46
676,Newton,Mowlam,nmowlamir@e-recht24.de,Male,191.164.165.63
677,Geoff,Painter,gpainteris@myspace.com,Male,106.227.144.102
678,Zia,Dobbinson,zdobbinsonit@sohu.com,Female,74.52.95.206
679,Raynell,Gillan,rgillaniu@cpanel.net,Female,149.74.163.219
680,Shir,Coiley,scoileyiv@bizjournals.com,Non-binary,142.226.109.32
681,Dalston,Gawkes,dgawkesiw@un.org,Male,100.228.46.18
682,Jasun,Pedro,jpedroix@wordpress.org,Male,118.228.236.138
683,Kienan,Loins,kloinsiy@people.com.cn,Male,198.27.66.167
684,Lorens,Dybald,ldybaldiz@xrea.com,Male,67.29.137.118
685,Robers,Atrill,ratrillj0@tripadvisor.com,Male,245.148.26.121
686,Binky,Peploe,bpeploej1@loc.gov,Male,69.71.167.135
687,Durant,Bentame,dbentamej2@squidoo.com,Male,174.39.202.192
688,Glynis,Bernadot,gbernadotj3@wix.com,Female,5.193.228.242
689,Anatole,Brend,abrendj4@quantcast.com,Genderfluid,40.29.41.30
690,Chevy,Fabbro,cfabbroj5@bigcartel.com,Male,37.227.82.2
691,Wit,Caitlin,wcaitlinj6@stumbleupon.com,Male,196.19.3.155
692,Egan,Gramer,egramerj7@ucsd.edu,Male,130.200.31.195
693,Brandy,Edelheit,bedelheitj8@marriott.com,Female,85.66.204.239
694,Pegeen,Behnen,pbehnenj9@mail.ru,Female,80.252.249.153
695,Ode,Davies,odaviesja@smugmug.com,Male,170.172.161.176
696,Basilio,Sommerled,bsommerledjb@aboutads.info,Male,142.14.212.212
697,Charmane,Blood,cbloodjc@rediff.com,Female,212.69.121.47
698,Rad,Josephi,rjosephijd@yolasite.com,Male,5.60.245.194
699,Tova,Bedham,tbedhamje@fastcompany.com,Female,254.232.76.24
700,Electra,Mee,emeejf@latimes.com,Female,124.246.219.69
701,Fancy,Ewen,fewenjg@shareasale.com,Agender,150.181.36.113
702,Bamby,Abberley,babberleyjh@aboutads.info,Female,17.178.25.139
703,Maryann,Danilchenko,mdanilchenkoji@sbwire.com,Female,7.215.180.7
704,Towney,O'Dennehy,todennehyjj@disqus.com,Male,222.94.247.121
705,Antonetta,Lambol,alamboljk@eventbrite.com,Female,238.221.78.83
706,Clemmy,Tomaskunas,ctomaskunasjl@springer.com,Bigender,25.120.142.28
707,Fitzgerald,Greeno,fgreenojm@mapquest.com,Male,9.84.242.70
708,Robinet,Somerset,rsomersetjn@oracle.com,Female,66.169.181.1
709,Hamlen,Wayt,hwaytjo@sphinn.com,Male,169.197.67.25
710,Currie,Brozsset,cbrozssetjp@hao123.com,Male,9.194.185.214
711,Cullie,Dederich,cdederichjq@vistaprint.com,Male,2.148.103.191
712,Ida,Meadway,imeadwayjr@irs.gov,Female,170.195.174.254
713,Jamaal,Barthrup,jbarthrupjs@hc360.com,Agender,172.88.74.176
714,Carina,Surgeoner,csurgeonerjt@zimbio.com,Female,166.122.171.220
715,Rani,Ausher,rausherju@smh.com.au,Female,106.169.83.91
716,Florrie,Kinningley,fkinningleyjv@soup.io,Female,92.32.186.170
717,Dudley,Wilcot,dwilcotjw@uiuc.edu,Male,23.150.237.176
718,Lauryn,Wilding,lwildingjx@youtu.be,Female,250.223.91.91
719,Penelopa,Philippeaux,pphilippeauxjy@dailymail.co.uk,Female,178.165.136.96
720,Geoffrey,Spires,gspiresjz@xing.com,Male,215.13.182.205
721,Ailina,Crutchfield,acrutchfieldk0@squidoo.com,Female,157.154.220.160
722,Jaynell,Fantini,jfantinik1@msn.com,Female,208.200.101.84
723,Rosalia,Harling,rharlingk2@opensource.org,Female,11.171.94.7
724,Eliot,Newvill,enewvillk3@netvibes.com,Male,103.172.146.48
725,Antonia,Dallas,adallask4@friendfeed.com,Female,177.215.130.8
726,Westbrooke,McNeilley,wmcneilleyk5@ebay.co.uk,Male,27.37.32.39
727,Therine,Folkerd,tfolkerdk6@alibaba.com,Female,130.66.99.76
728,Chas,MacCumiskey,cmaccumiskeyk7@vk.com,Male,71.69.125.164
729,Had,Kegan,hkegank8@i2i.jp,Male,181.75.151.221
730,Sile,Braizier,sbraizierk9@arizona.edu,Female,197.131.28.1
731,Bastien,Baack,bbaackka@joomla.org,Male,212.20.151.130
732,Gunar,Rames,grameskb@berkeley.edu,Male,49.134.240.26
733,Mildrid,Egdal,megdalkc@wix.com,Female,20.35.118.168
734,Sascha,Topley,stopleykd@sciencedirect.com,Female,35.108.15.123
735,Redd,Sandels,rsandelske@independent.co.uk,Male,61.27.138.131
736,Pennie,Kubek,pkubekkf@yellowpages.com,Female,229.8.144.51
737,Bastian,Algate,balgatekg@wiley.com,Agender,97.91.201.94
738,Lexine,Erickson,lericksonkh@cdc.gov,Female,92.117.95.45
739,Dee dee,Duinkerk,dduinkerkki@dion.ne.jp,Female,23.55.12.68
740,Moishe,Gerring,mgerringkj@ycombinator.com,Male,164.93.20.150
741,Rosabelle,Larwood,rlarwoodkk@deliciousdays.com,Female,178.68.87.155
742,Virgilio,Leverett,vleverettkl@blogger.com,Male,70.16.228.92
743,Gram,Jenicek,gjenicekkm@desdev.cn,Male,14.58.59.86
744,Odelle,Pococke,opocockekn@skyrock.com,Female,14.125.38.228
745,Giulia,Wallicker,gwallickerko@cam.ac.uk,Female,152.99.224.200
746,Jud,Bulward,jbulwardkp@aboutads.info,Male,58.77.132.179
747,Tannie,Buxcy,tbuxcykq@vinaora.com,Male,169.62.151.10
748,Amby,Andrusyak,aandrusyakkr@yolasite.com,Male,22.87.227.206
749,Sherline,Quantrill,squantrillks@state.tx.us,Female,10.72.5.214
750,Tallie,Rudolf,trudolfkt@miibeian.gov.cn,Female,54.9.146.164
751,Chadwick,Stuck,cstuckku@wisc.edu,Male,90.125.220.154
752,Annabela,Cleave,acleavekv@blinklist.com,Female,61.111.32.73
753,Lucia,Kennerknecht,lkennerknechtkw@themeforest.net,Polygender,127.6.174.138
754,Germana,Audas,gaudaskx@latimes.com,Female,234.133.14.166
755,Jonis,Dzeniskevich,jdzeniskevichky@disqus.com,Female,103.196.75.33
756,Hedvige,Soldan,hsoldankz@cyberchimps.com,Female,121.40.33.101
757,Eadmund,Tonepohl,etonepohll0@technorati.com,Male,210.239.33.73
758,Sarah,Gammidge,sgammidgel1@scientificamerican.com,Female,150.224.130.166
759,Tiffani,Battershall,tbattershalll2@google.nl,Female,79.59.59.115
760,Ethan,Domleo,edomleol3@abc.net.au,Male,173.85.196.230
761,Marlin,Fawlo,mfawlol4@booking.com,Male,39.99.106.71
762,Bernadina,Kenward,bkenwardl5@ibm.com,Female,164.102.198.26
763,Loren,Gather,lgatherl6@phoca.cz,Male,63.99.170.125
764,Dee dee,Dwyr,ddwyrl7@pinterest.com,Female,44.67.80.101
765,Celinka,Eads,ceadsl8@over-blog.com,Female,20.179.183.39
766,Sammy,Ealden,sealdenl9@taobao.com,Female,82.158.81.228
767,Alie,Tallon,atallonla@biglobe.ne.jp,Genderfluid,48.31.80.191
768,Arielle,Ainge,aaingelb@google.it,Female,23.107.186.10
769,Rip,Tongue,rtonguelc@answers.com,Male,180.56.231.34
770,Tadeo,Teal,ttealld@state.tx.us,Male,231.207.144.123
771,Lucho,Pinard,lpinardle@cpanel.net,Agender,245.176.49.103
772,Jarvis,Overthrow,joverthrowlf@jimdo.com,Male,69.101.202.151
773,Florette,Roark,froarklg@dagondesign.com,Female,152.217.220.26
774,Baily,Meins,bmeinslh@businesswire.com,Male,45.29.147.113
775,Sheena,Mewhirter,smewhirterli@artisteer.com,Female,200.65.89.205
776,Hardy,Truder,htruderlj@netscape.com,Male,157.70.47.61
777,Sumner,Sleeman,ssleemanlk@sourceforge.net,Non-binary,9.46.18.139
778,Enrique,Pude,epudell@ftc.gov,Male,27.103.201.201
779,Darcy,Lemon,dlemonlm@umich.edu,Non-binary,178.111.158.227
780,Lucilia,Wilshaw,lwilshawln@virginia.edu,Female,72.245.58.91
781,Maude,Taggerty,mtaggertylo@livejournal.com,Female,205.41.26.222
782,Mar,Llewellin,mllewellinlp@telegraph.co.uk,Male,113.220.159.143
783,Pierette,Grumble,pgrumblelq@freewebs.com,Female,87.5.51.12
784,Evin,Roscoe,eroscoelr@desdev.cn,Male,56.47.72.130
785,Jeramey,Ferrario,jferrariols@vkontakte.ru,Male,0.82.151.82
786,Terrell,MacKnocker,tmacknockerlt@google.es,Male,28.8.9.43
787,Toddie,O'Rourke,torourkelu@google.pl,Male,170.160.176.97
788,Bram,Drews,bdrewslv@foxnews.com,Genderqueer,55.212.50.55
789,Cull,Honeyghan,choneyghanlw@webnode.com,Male,165.221.246.21
790,Zarah,Leftridge,zleftridgelx@huffingtonpost.com,Female,115.69.136.56
791,Denice,Kase,dkasely@oaic.gov.au,Female,167.145.7.235
792,Ursala,Blaydon,ublaydonlz@weibo.com,Female,38.244.122.172
793,Nevin,Tubby,ntubbym0@noaa.gov,Male,28.89.4.4
794,Ella,Craine,ecrainem1@marriott.com,Female,109.84.1.124
795,Joelly,Stephens,jstephensm2@hp.com,Female,78.71.214.230
796,Thornton,Beldon,tbeldonm3@hostgator.com,Male,14.206.37.158
797,Silvanus,Sarson,ssarsonm4@addtoany.com,Male,179.251.204.159
798,Nikola,Leger,nlegerm5@theatlantic.com,Male,151.80.3.51
799,Emelina,Swaile,eswailem6@mapy.cz,Bigender,158.140.247.41
800,Gardy,Desbrow,gdesbrowm7@hugedomains.com,Male,182.0.9.251
801,Deane,Haycock,dhaycockm8@e-recht24.de,Male,157.242.128.192
802,Salmon,Frye,sfryem9@walmart.com,Male,129.59.201.10
803,Keary,Itzkovsky,kitzkovskyma@woothemes.com,Male,99.246.214.182
804,Ninon,Crow,ncrowmb@cocolog-nifty.com,Female,190.82.24.26
805,Murvyn,Conelly,mconellymc@ovh.net,Genderqueer,61.225.193.141
806,Aldridge,Keay,akeaymd@wisc.edu,Male,166.76.43.189
807,Bianka,Tosdevin,btosdevinme@blogspot.com,Genderfluid,120.64.9.216
808,Jeri,Duffus,jduffusmf@ucla.edu,Female,68.176.98.137
809,Quinn,Sale,qsalemg@diigo.com,Female,182.177.158.14
810,Torrey,Murrigan,tmurriganmh@adobe.com,Male,170.164.72.222
811,Celesta,Baggett,cbaggettmi@booking.com,Female,53.240.173.63
812,Alessandro,Blampied,ablampiedmj@creativecommons.org,Male,17.40.175.17
813,Byran,Beachamp,bbeachampmk@hibu.com,Male,87.127.122.216
814,Carny,Wales,cwalesml@cisco.com,Male,98.142.69.229
815,Shaine,Harland,sharlandmm@house.gov,Male,22.211.231.24
816,Rozele,Bouldon,rbouldonmn@telegraph.co.uk,Female,187.43.7.221
817,Deloris,Callway,dcallwaymo@wired.com,Female,204.5.102.67
818,Steffane,Struthers,sstruthersmp@amazon.co.uk,Female,43.2.34.25
819,Wiley,Kingsly,wkingslymq@msn.com,Male,199.234.202.167
820,Nert,Nasi,nnasimr@google.co.uk,Bigender,66.25.210.252
821,Roshelle,Lowery,rloweryms@google.com.au,Female,10.253.163.197
822,Mortimer,Brouwer,mbrouwermt@edublogs.org,Male,157.171.91.230
823,Fredelia,Hertwell,fhertwellmu@mayoclinic.com,Female,98.0.204.97
824,Brigid,Linnock,blinnockmv@unicef.org,Female,212.123.34.39
825,Ranice,McKnish,rmcknishmw@ocn.ne.jp,Female,105.2.103.184
826,Tanya,Jobey,tjobeymx@themeforest.net,Female,64.118.63.246
827,Flossi,Koba,fkobamy@jigsy.com,Female,37.115.242.133
828,Jana,Murtimer,jmurtimermz@toplist.cz,Agender,214.111.131.150
829,Flor,Winward,fwinwardn0@java.com,Female,27.47.71.52
830,Kinnie,Pablos,kpablosn1@time.com,Male,145.105.188.31
831,Lorain,Dunne,ldunnen2@wikipedia.org,Female,195.219.78.57
832,Domenic,Worsalls,dworsallsn3@elpais.com,Male,241.245.64.246
833,Ted,Killshaw,tkillshawn4@elegantthemes.com,Bigender,242.242.154.216
834,Tessa,Vedikhov,tvedikhovn5@discovery.com,Female,234.75.71.254
835,Ogdon,Eirwin,oeirwinn6@tamu.edu,Male,48.32.106.183
836,Florette,Buxcey,fbuxceyn7@tamu.edu,Female,13.46.221.48
837,Olivette,Gerkens,ogerkensn8@soundcloud.com,Female,30.21.126.37
838,Arlen,Espina,aespinan9@amazon.com,Female,164.153.153.35
839,Roscoe,Cran,rcranna@skype.com,Male,91.99.12.121
840,Jorge,Fozzard,jfozzardnb@reference.com,Male,119.254.197.171
841,Kessiah,Gordge,kgordgenc@yelp.com,Female,129.136.124.66
842,Minna,Simmen,msimmennd@psu.edu,Female,120.131.187.43
843,Daffy,Petrolli,dpetrolline@cafepress.com,Female,179.195.232.205
844,Abbie,Leyes,aleyesnf@livejournal.com,Female,66.110.12.229
845,Ralf,Ilyuchyov,rilyuchyovng@rambler.ru,Male,147.154.167.99
846,Ewell,Tullett,etullettnh@google.pl,Male,215.120.108.168
847,Jackie,Provest,jprovestni@t-online.de,Male,61.16.102.168
848,Katie,Weldrick,kweldricknj@godaddy.com,Non-binary,125.33.15.206
849,Verge,Rossi,vrossink@zdnet.com,Male,192.145.101.106
850,Reggie,Loghan,rloghannl@marriott.com,Polygender,107.219.249.223
851,Nester,Stormouth,nstormouthnm@ihg.com,Male,143.145.157.122
852,Reilly,Sylvaine,rsylvainenn@wikipedia.org,Agender,66.35.179.15
853,Daphna,Gramer,dgramerno@google.es,Female,191.101.65.124
854,Kimmi,Sapsforde,ksapsfordenp@google.ca,Female,18.246.234.81
855,Neill,Dadge,ndadgenq@narod.ru,Male,220.241.143.128
856,Jesse,Chevis,jchevisnr@jiathis.com,Male,174.225.213.90
857,Arnaldo,Trevan,atrevanns@over-blog.com,Male,34.52.125.184
858,Randal,Deignan,rdeignannt@indiatimes.com,Male,235.11.170.58
859,Vanna,Vasin,vvasinnu@xinhuanet.com,Female,74.172.142.126
860,Clarice,Lindsley,clindsleynv@liveinternet.ru,Female,231.41.192.87
861,Tamqrah,Barosch,tbaroschnw@umich.edu,Female,205.177.3.190
862,Hannah,Grannell,hgrannellnx@flavors.me,Female,127.115.1.235
863,Maggi,Hansard,mhansardny@unblog.fr,Female,211.117.24.8
864,Ephraim,Pilcher,epilchernz@state.gov,Male,32.145.228.124
865,Lauree,Woolliams,lwoolliamso0@blogs.com,Female,226.18.217.242
866,Leandra,Blaschke,lblaschkeo1@yandex.ru,Female,153.15.82.189
867,Sheridan,Teese,steeseo2@sbwire.com,Male,64.246.244.206
868,Kippy,Tunsley,ktunsleyo3@google.ru,Female,11.43.214.62
869,Rouvin,Gutsell,rgutsello4@globo.com,Male,239.125.33.203
870,Germayne,Breeds,gbreedso5@admin.ch,Male,163.237.139.121
871,Cosetta,Costley,ccostleyo6@hexun.com,Female,110.57.5.168
872,Georgena,Sircomb,gsircombo7@vimeo.com,Female,172.114.125.219
873,Ardis,Paolicchi,apaolicchio8@google.es,Female,246.114.186.251
874,Cazzie,Dennidge,cdennidgeo9@jimdo.com,Male,155.195.229.70
875,Timoteo,Leveret,tleveretoa@quantcast.com,Male,228.209.226.62
876,Davida,O' Molan,domolanob@cloudflare.com,Female,87.207.9.99
877,Terese,McSporon,tmcsporonoc@guardian.co.uk,Female,235.54.16.230
878,Sid,Maving,smavingod@msu.edu,Male,237.246.205.126
879,Ethelbert,Jillard,ejillardoe@qq.com,Male,162.230.69.131
880,Elizabet,Walklot,ewalklotof@plala.or.jp,Female,109.147.35.85
881,Garey,Foxley,gfoxleyog@answers.com,Male,53.178.60.137
882,Andrei,Bladder,abladderoh@multiply.com,Female,84.93.34.13
883,Beltran,Joder,bjoderoi@buzzfeed.com,Genderfluid,213.169.145.187
884,Karrie,Mansour,kmansouroj@amazon.co.uk,Female,92.35.243.10
885,Marie,Giacopello,mgiacopellook@4shared.com,Female,251.149.75.40
886,Chloe,Antonik,cantonikol@cmu.edu,Female,122.58.116.232
887,Royal,Arpur,rarpurom@eventbrite.com,Male,21.224.116.127
888,Leanor,Hark,lharkon@mayoclinic.com,Female,18.167.25.46
889,Rosemonde,Shorte,rshorteoo@e-recht24.de,Female,182.27.34.14
890,Simona,Cassy,scassyop@wikia.com,Genderfluid,73.69.179.47
891,Lyn,Elleton,lelletonoq@microsoft.com,Male,63.91.174.236
892,Aubrie,Torbeck,atorbeckor@deliciousdays.com,Female,213.76.202.50
893,Christen,Habbema,chabbemaos@irs.gov,Polygender,32.237.128.250
894,Lilith,Bourthoumieux,lbourthoumieuxot@ftc.gov,Female,53.136.43.145
895,Collen,Lacroux,clacrouxou@goo.gl,Female,165.11.222.214
896,Nelia,Bannester,nbannesterov@canalblog.com,Female,51.62.206.37
897,Meara,Martyn,mmartynow@imageshack.us,Female,179.0.136.155
898,Ewell,Duggan,edugganox@deviantart.com,Male,247.177.77.34
899,Hilary,Huniwall,hhuniwalloy@dot.gov,Female,118.81.235.212
900,Ange,Sullivan,asullivanoz@eventbrite.com,Male,246.225.246.251
901,Wilone,Nutter,wnutterp0@google.nl,Female,18.127.20.217
902,Ada,Sallans,asallansp1@npr.org,Female,195.205.157.23
903,Kirk,Antoniak,kantoniakp2@phpbb.com,Male,106.209.68.183
904,Lorilee,McKellen,lmckellenp3@over-blog.com,Female,155.124.55.235
905,Kessia,Haller,khallerp4@shop-pro.jp,Female,23.232.35.82
906,Brigg,Brayfield,bbrayfieldp5@google.com.hk,Male,117.249.178.153
907,Blondie,Ferentz,bferentzp6@sakura.ne.jp,Bigender,131.175.91.183
908,Prue,Shanley,pshanleyp7@sitemeter.com,Female,70.154.146.223
909,Lorens,Aireton,lairetonp8@businesswire.com,Male,44.55.56.21
910,Dahlia,Ebertz,debertzp9@pagesperso-orange.fr,Female,203.146.199.99
911,Thorstein,Tunnacliffe,ttunnacliffepa@over-blog.com,Genderqueer,205.212.65.5
912,Clerissa,Annable,cannablepb@nature.com,Female,75.200.145.65
913,Evvy,Freda,efredapc@nba.com,Female,80.200.220.243
914,Ruben,Murty,rmurtypd@devhub.com,Male,252.70.242.120
915,Chariot,Westhead,cwestheadpe@reverbnation.com,Male,253.251.253.80
916,Walton,Barwick,wbarwickpf@bing.com,Male,149.184.25.54
917,Blondell,McGillacoell,bmcgillacoellpg@4shared.com,Female,13.127.66.73
918,Reynard,Jago,rjagoph@webeden.co.uk,Male,216.57.94.218
919,Grover,Izzatt,gizzattpi@godaddy.com,Male,0.69.158.146
920,Emelina,Weakley,eweakleypj@cbslocal.com,Female,219.245.214.177
921,Gerty,Cranage,gcranagepk@mayoclinic.com,Female,116.97.188.3
922,Rozelle,Langlands,rlanglandspl@youku.com,Female,109.101.114.62
923,Mortimer,Beardon,mbeardonpm@columbia.edu,Male,158.188.181.9
924,Pacorro,Bulley,pbulleypn@networkadvertising.org,Male,128.184.229.160
925,Marni,Wilber,mwilberpo@yellowpages.com,Female,138.250.70.210
926,Hannis,Sawrey,hsawreypp@yelp.com,Female,0.156.56.82
927,Mayor,Aslott,maslottpq@icq.com,Male,85.9.138.44
928,Ignatius,Davie,idaviepr@illinois.edu,Male,198.216.106.149
929,Hewe,Feetham,hfeethamps@exblog.jp,Male,91.158.176.155
930,Carlie,Uttley,cuttleypt@qq.com,Female,153.83.239.20
931,Brenna,Bolingbroke,bbolingbrokepu@t-online.de,Female,137.173.175.10
932,Evyn,Gallatly,egallatlypv@e-recht24.de,Male,138.87.158.232
933,Dulcinea,MacAllester,dmacallesterpw@ucla.edu,Female,90.73.122.11
934,Bengt,Guidera,bguiderapx@google.ru,Male,32.71.213.204
935,Colette,Swainger,cswaingerpy@yellowpages.com,Female,218.56.252.91
936,Robina,Pischof,rpischofpz@google.fr,Female,8.235.1.32
937,Opaline,Sallings,osallingsq0@patch.com,Female,80.108.98.108
938,Brenn,Orrill,borrillq1@icq.com,Female,107.26.89.210
939,Skyler,Brayshay,sbrayshayq2@g.co,Male,16.104.51.70
940,Eydie,Davidman,edavidmanq3@goo.ne.jp,Agender,31.216.29.159
941,Tim,Stodart,tstodartq4@apache.org,Male,234.149.102.212
942,Quinlan,Cheston,qchestonq5@people.com.cn,Male,2.71.73.86
943,Marlow,Aguirrezabal,maguirrezabalq6@usda.gov,Male,174.201.153.148
944,Rebbecca,Soppit,rsoppitq7@edublogs.org,Non-binary,22.102.206.171
945,Petronia,Duesbury,pduesburyq8@sitemeter.com,Female,51.213.246.35
946,Agata,Malec,amalecq9@nih.gov,Female,230.148.162.161
947,Cristi,Konzel,ckonzelqa@java.com,Female,48.238.126.217
948,Bernadina,McReynolds,bmcreynoldsqb@moonfruit.com,Female,21.219.23.66
949,Hattie,Minchinden,hminchindenqc@slashdot.org,Female,128.28.178.111
950,Melli,Cuerdale,mcuerdaleqd@tinyurl.com,Female,94.227.177.87
951,Alisa,Slimings,aslimingsqe@imdb.com,Female,144.160.68.89
952,Lynett,Stillgoe,lstillgoeqf@ocn.ne.jp,Non-binary,243.139.22.144
953,Martino,Do Rosario,mdorosarioqg@loc.gov,Male,179.115.82.69
954,Olenolin,Baseke,obasekeqh@mail.ru,Male,196.223.191.125
955,Auberta,Silverston,asilverstonqi@flavors.me,Female,198.222.66.170
956,Eben,Abate,eabateqj@prnewswire.com,Male,50.213.254.57
957,Donn,Woolens,dwoolensqk@com.com,Male,253.119.179.216
958,Tate,Shapland,tshaplandql@stanford.edu,Female,124.34.162.62
959,Elene,MacFadzean,emacfadzeanqm@addthis.com,Female,119.182.166.77
960,Mariellen,Foxcroft,mfoxcroftqn@ezinearticles.com,Female,206.11.59.81
961,Delcine,Torbard,dtorbardqo@netvibes.com,Female,182.65.59.182
962,Gard,Leith-Harvey,gleithharveyqp@bloglovin.com,Male,64.83.9.196
963,Esmaria,Cyples,ecyplesqq@github.com,Female,88.226.84.217
964,Boot,Rissen,brissenqr@techcrunch.com,Male,174.36.24.85
965,Alla,Stark,astarkqs@nasa.gov,Female,32.165.162.60
966,Adan,Camp,acampqt@issuu.com,Male,213.234.234.122
967,Allistir,Kerwood,akerwoodqu@gravatar.com,Male,5.93.88.2
968,Burk,Carnie,bcarnieqv@umich.edu,Male,68.26.254.156
969,Gianina,Minnis,gminnisqw@netscape.com,Female,170.227.134.139
970,Sunny,Gantzman,sgantzmanqx@linkedin.com,Male,251.93.2.84
971,Pansie,Ingerman,pingermanqy@simplemachines.org,Female,0.131.34.158
972,Nadia,Duigenan,nduigenanqz@list-manage.com,Female,105.153.11.211
973,Kassia,Foot,kfootr0@skype.com,Female,130.138.172.42
974,Maximilian,Oleszczak,moleszczakr1@friendfeed.com,Male,225.23.51.198
975,Ekaterina,Halstead,ehalsteadr2@vimeo.com,Female,30.37.245.242
976,Korry,Sandon,ksandonr3@japanpost.jp,Female,205.28.205.224
977,Kipper,Robbert,krobbertr4@salon.com,Male,175.216.70.123
978,Raven,Galero,rgaleror5@de.vu,Polygender,112.55.190.73
979,Danny,Gyrgorwicx,dgyrgorwicxr6@163.com,Male,222.128.158.75
980,Wilona,Kenington,wkeningtonr7@ow.ly,Female,162.175.77.112
981,Annmarie,Lytle,alytler8@webmd.com,Female,114.21.92.255
982,Briana,Muston,bmustonr9@google.cn,Female,87.46.161.210
983,Kaela,Gatley,kgatleyra@dyndns.org,Female,187.130.225.165
984,Britteny,Kebell,bkebellrb@spotify.com,Female,60.69.91.46
985,Kynthia,Rosenzveig,krosenzveigrc@google.com,Non-binary,6.94.144.163
986,Nita,Aucoate,naucoaterd@networkadvertising.org,Female,67.88.160.245
987,Egbert,Whitney,ewhitneyre@constantcontact.com,Male,39.121.154.144
988,Bryon,Auld,bauldrf@sbwire.com,Male,82.27.168.241
989,Georges,Crass,gcrassrg@jimdo.com,Male,130.21.214.187
990,Annmarie,Ox,aoxrh@angelfire.com,Female,252.188.199.155
991,Venus,Britian,vbritianri@friendfeed.com,Female,188.152.49.78
992,Tonye,Cuell,tcuellrj@ifeng.com,Female,143.92.207.140
993,Berenice,Scoggins,bscogginsrk@amazon.co.uk,Bigender,132.145.205.78
994,Andy,Odell,aodellrl@4shared.com,Male,116.191.168.236
995,Cissy,Hulburt,chulburtrm@merriam-webster.com,Female,229.219.79.251
996,Valeda,Lightowlers,vlightowlersrn@creativecommons.org,Female,41.61.90.163
997,Vidovic,Le Galle,vlegallero@mac.com,Agender,113.189.42.118
998,Adella,Boshell,aboshellrp@msn.com,Genderqueer,12.160.82.176
999,Anson,Steet,asteetrq@wikimedia.org,Male,113.42.251.158
1000,Jaclin,Matthaus,jmatthausrr@dedecms.com,Female,79.119.187.232
